<?xml version="1.0" encoding="utf-8" ?><dwsync><file name="COMSOC2018_paper_12.pdf" server="linux.cs.rpi.edu/public.html/" local="3611004794" remote="3611005244" Dst="-1" /><file name="COMSOC2018_paper_32.pdf" server="linux.cs.rpi.edu/public.html/" local="3611004890" remote="3611005244" Dst="-1" /><file name="COMSOC2018_paper_39.pdf" server="linux.cs.rpi.edu/public.html/" local="3611005026" remote="3611005244" Dst="-1" /><file name="COMSOC2018_paper_61.pdf" server="linux.cs.rpi.edu/public.html/" local="3611005002" remote="3611005245" Dst="-1" /><file name="paper 1.pdf" server="linux.cs.rpi.edu/public.html/" local="3611004781" remote="3611005245" Dst="-1" /><file name="paper 11.pdf" server="linux.cs.rpi.edu/public.html/" local="3611004835" remote="3611005246" Dst="-1" /><file name="paper 13.pdf" server="linux.cs.rpi.edu/public.html/" local="3611005072" remote="3611005246" Dst="-1" /><file name="paper 15.pdf" server="linux.cs.rpi.edu/public.html/" local="3611005168" remote="3611005247" Dst="-1" /><file name="paper 16.pdf" server="linux.cs.rpi.edu/public.html/" local="3611005060" remote="3611005247" Dst="-1" /><file name="paper 20.pdf" server="linux.cs.rpi.edu/public.html/" local="3611004952" remote="3611005248" Dst="-1" /><file name="paper 21.pdf" server="linux.cs.rpi.edu/public.html/" local="3611004671" remote="3611005249" Dst="-1" /><file name="paper 25.pdf" server="linux.cs.rpi.edu/public.html/" local="3611005183" remote="3611005249" Dst="-1" /><file name="paper 3.pdf" server="linux.cs.rpi.edu/public.html/" local="3611004930" remote="3611005250" Dst="-1" /><file name="paper 34.pdf" server="linux.cs.rpi.edu/public.html/" local="3611004756" remote="3611005250" Dst="-1" /><file name="paper 36.pdf" server="linux.cs.rpi.edu/public.html/" local="3611005111" remote="3611005251" Dst="-1" /><file name="paper 37.pdf" server="linux.cs.rpi.edu/public.html/" local="3611004849" remote="3611005251" Dst="-1" /><file name="paper 4.pdf" server="linux.cs.rpi.edu/public.html/" local="3611004966" remote="3611005252" Dst="-1" /><file name="paper 44.pdf" server="linux.cs.rpi.edu/public.html/" local="3611004903" remote="3611005252" Dst="-1" /><file name="paper 45.pdf" server="linux.cs.rpi.edu/public.html/" local="3611004727" remote="3611005252" Dst="-1" /><file name="paper 47.pdf" server="linux.cs.rpi.edu/public.html/" local="3611005013" remote="3611005253" Dst="-1" /><file name="paper 48.pdf" server="linux.cs.rpi.edu/public.html/" local="3611005128" remote="3611005253" Dst="-1" /><file name="paper 49.pdf" server="linux.cs.rpi.edu/public.html/" local="3611005096" remote="3611005253" Dst="-1" /><file name="paper 51.pdf" server="linux.cs.rpi.edu/public.html/" local="3611005198" remote="3611005254" Dst="-1" /><file name="paper 52.pdf" server="linux.cs.rpi.edu/public.html/" local="3611004823" remote="3611005254" Dst="-1" /><file name="paper 53.pdf" server="linux.cs.rpi.edu/public.html/" local="3611004865" remote="3611005254" Dst="-1" /><file name="paper 54.pdf" server="linux.cs.rpi.edu/public.html/" local="3611004917" remote="3611005255" Dst="-1" /><file name="paper 57.pdf" server="linux.cs.rpi.edu/public.html/" local="3611004811" remote="3611005255" Dst="-1" /><file name="paper 58.pdf" server="linux.cs.rpi.edu/public.html/" local="3611004878" remote="3611005256" Dst="-1" /><file name="paper 6.pdf" server="linux.cs.rpi.edu/public.html/" local="3611005142" remote="3611005256" Dst="-1" /><file name="paper 60.pdf" server="linux.cs.rpi.edu/public.html/" local="3611004770" remote="3611005256" Dst="-1" /><file name="paper 63.pdf" server="linux.cs.rpi.edu/public.html/" local="3611005156" remote="3611005257" Dst="-1" /><file name="paper 65.pdf" server="linux.cs.rpi.edu/public.html/" local="3611004983" remote="3611005257" Dst="-1" /><file name="paper 67.pdf" server="linux.cs.rpi.edu/public.html/" local="3611005211" remote="3611005257" Dst="-1" /><file name="paper 8.pdf" server="linux.cs.rpi.edu/public.html/" local="3611004742" remote="3611005258" Dst="-1" /><file name="COMSOC2018_paper_33.pdf" server="linux.cs.rpi.edu/public.html/" local="3612132142" remote="3612132350" Dst="-1" /><file name="COMSOC2018_paper_40.pdf" server="linux.cs.rpi.edu/public.html/" local="3612132179" remote="3612132351" Dst="-1" /><file name="COMSOC2018_paper_41.pdf" server="linux.cs.rpi.edu/public.html/" local="3612132195" remote="3612132351" Dst="-1" /><file name="COMSOC2018_paper_43.pdf" server="linux.cs.rpi.edu/public.html/" local="3612132228" remote="3612132351" Dst="-1" /><file name="COMSOC2018_paper_7.pdf" server="linux.cs.rpi.edu/public.html/" local="3612131880" remote="3612132352" Dst="-1" /><file name="paper 10.pdf" server="linux.cs.rpi.edu/public.html/" local="3612131938" remote="3612132352" Dst="-1" /><file name="paper 14.pdf" server="linux.cs.rpi.edu/public.html/" local="3612131954" remote="3612132353" Dst="-1" /><file name="paper 19.pdf" server="linux.cs.rpi.edu/public.html/" local="3612131973" remote="3612132353" Dst="-1" /><file name="paper 2.pdf" server="linux.cs.rpi.edu/public.html/" local="3612131819" remote="3612132353" Dst="-1" /><file name="paper 22.pdf" server="linux.cs.rpi.edu/public.html/" local="3612132018" remote="3612132354" Dst="-1" /><file name="paper 23.pdf" server="linux.cs.rpi.edu/public.html/" local="3612132043" remote="3612132354" Dst="-1" /><file name="paper 26.pdf" server="linux.cs.rpi.edu/public.html/" local="3612132069" remote="3612132355" Dst="-1" /><file name="paper 28.pdf" server="linux.cs.rpi.edu/public.html/" local="3612132092" remote="3612132356" Dst="-1" /><file name="paper 29.pdf" server="linux.cs.rpi.edu/public.html/" local="3612132108" remote="3612132356" Dst="-1" /><file name="paper 31.pdf" server="linux.cs.rpi.edu/public.html/" local="3612132125" remote="3612132356" Dst="-1" /><file name="paper 35.pdf" server="linux.cs.rpi.edu/public.html/" local="3612132164" remote="3612132357" Dst="-1" /><file name="paper 42.pdf" server="linux.cs.rpi.edu/public.html/" local="3612132210" remote="3612132357" Dst="-1" /><file name="paper 46.pdf" server="linux.cs.rpi.edu/public.html/" local="3612132245" remote="3612132358" Dst="-1" /><file name="paper 55.pdf" server="linux.cs.rpi.edu/public.html/" local="3612132264" remote="3612132358" Dst="-1" /><file name="paper 56.pdf" server="linux.cs.rpi.edu/public.html/" local="3612132299" remote="3612132358" Dst="-1" /><file name="paper 66.pdf" server="linux.cs.rpi.edu/public.html/" local="3612132324" remote="3612132359" Dst="-1" /><file name="paper 9.pdf" server="linux.cs.rpi.edu/public.html/" local="3612131905" remote="3612132359" Dst="-1" /></dwsync>